id_installation,installation,code_commune,commune,epci_code,epci_nom,code_departement,departement,basins_total_on_site,school_basins_total_on_site,students_per_basin_on_site,students_per_school_basin_on_site,schools_total,schools_geolocated_total,students_total,students_geolocated_total,primary_students,secondary_students,distance_coverage_share,drive_time_coverage_share,average_distance_to_installation_km,average_drive_time_to_installation_min,average_drive_distance_to_installation_km,average_distance_to_basin_km,students_within_5km_installation_share,students_within_15min_installation_share,basins_total,installations_total,school_basins_total,students_per_basin,students_per_installation,students_per_school_basin
I595990002,Tourcoing les Bains,59599,Tourcoing,200093201,Métropole Européenne de Lille,59,Nord,5,3,5997.8,9996.333333,91,72,29989,29989,13550,16439,1.0,1.0,1.43693,3.711583,1.909766,1.334811,1.0,1.0,5,1,3,5997.8,29989.0,9996.333333
I601750010,Piscine municipale,60175,Creil,200068047,CA Creil Sud Oise,60,Oise,1,1,26036.0,26036.0,129,105,26036,26036,15447,10589,1.0,1.0,3.17873,7.003371,4.610366,2.971202,0.799931,0.96766,1,1,1,26036.0,26036.0,26036.0
I595440006,PISCINE MUNICIPALE,59544,Saint-Saulve,245901160,CA Valenciennes Métropole,59,Nord,2,0,12718.0,0.0,83,72,25436,25436,10872,14564,1.0,1.0,2.536244,5.491227,3.509022,1.811599,0.901203,0.983252,2,1,0,12718.0,25436.0,0.0
I600570060,Piscine Aldebert Bellier,60057,Beauvais,200067999,CA du Beauvaisis,60,Oise,2,2,10681.5,10681.5,104,91,21363,21363,9481,11882,1.0,1.0,3.701746,8.052865,5.15031,3.557918,0.800777,0.826476,2,1,2,10681.5,21363.0,10681.5
I590170009,Centre aquatique Calyssia,59017,Armentières,200093201,Métropole Européenne de Lille,59,Nord,3,3,6708.333333,6708.333333,74,69,20125,20125,8904,11221,1.0,1.0,4.764606,8.181399,6.245651,4.585153,0.635826,0.837913,3,1,3,6708.333333,20125.0,6708.333333
I595120028,Centre Nautique THALASSA,59512,Roubaix,200093201,Métropole Européenne de Lille,59,Nord,1,1,20002.0,20002.0,53,49,20002,20002,9046,10956,1.0,1.0,1.184743,4.694177,1.844909,1.166405,1.0,1.0,1,1,1,20002.0,20002.0,20002.0
I592990008,PISCINE DES TROIS VILLES,59299,Hem,200093201,Métropole Européenne de Lille,59,Nord,1,0,19335.0,0.0,71,60,19335,19335,11457,7878,1.0,1.0,2.313927,6.452575,3.270113,2.336558,0.969951,1.0,1,1,0,19335.0,19335.0,0.0
I624980051,Aqualens,62498,Lens,246200364,CA de Lens - Liévin,62,Pas-de-Calais,3,2,6266.333333,9399.5,67,61,18799,18799,8401,10398,1.0,1.0,2.986941,7.177271,4.260954,2.950928,0.719719,1.0,3,1,2,6266.333333,18799.0,9399.5
I800210162,Centre Aquatique Amiens Metropole,80021,Amiens,248000531,CA Amiens Métropole,80,Somme,4,2,4434.5,8869.0,83,50,17738,17738,7767,9971,1.0,1.0,2.80651,6.212271,3.937897,2.204247,0.888262,0.946612,4,1,2,4434.5,17738.0,8869.0
I593030010,Piscine des WEPPES,59303,Herlies,200093201,Métropole Européenne de Lille,59,Nord,3,3,5553.333333,5553.333333,57,50,16660,16660,8776,7884,1.0,1.0,6.172312,11.785461,8.502773,6.086921,0.142617,0.765246,3,1,3,5553.333333,16660.0,5553.333333
I621190008,CENTRE AQUATIQUE CITE d'O,62119,Béthune,200072460,"CA de Béthune-Bruay, Artois-Lys Romane",62,Pas-de-Calais,4,3,3931.5,5242.0,61,50,15726,15726,7284,8442,1.0,1.0,2.937861,7.254976,4.323908,2.500103,0.857497,0.919496,4,1,3,3931.5,15726.0,5242.0
I620410067,PISCINE GEORGES DAULLE,62041,Arras,200033579,CU d'Arras,62,Pas-de-Calais,2,2,7729.5,7729.5,72,56,15459,15459,6069,9390,1.0,1.0,3.624245,7.668474,4.716067,3.184453,0.817064,0.910602,2,1,2,7729.5,15459.0,7729.5
I020710003,"Camping ""La Croix du vieux Pont",02071,Berny-Rivière,200071991,CC Retz-en-Valois,02,Aisne,3,1,5074.333333,15223.0,76,69,15223,15223,6634,8589,1.0,1.0,14.979056,21.356271,18.46396,14.750195,0.069237,0.099192,3,1,1,5074.333333,15223.0,15223.0
I625250002,SCENEO,62525,Longuenesse,200069037,CA du Pays de Saint-Omer,62,Pas-de-Calais,2,2,7233.0,7233.0,72,60,14466,14466,7700,6766,1.0,1.0,3.309912,5.73304,4.303519,2.109237,0.77499,0.959491,2,1,2,7233.0,14466.0,7233.0
I800210059,Coliseum,80021,Amiens,248000531,CA Amiens Métropole,80,Somme,4,4,3555.0,3555.0,52,40,14220,14220,5388,8832,1.0,1.0,1.690607,5.009948,2.426515,1.661118,0.984248,0.985935,4,1,4,3555.0,14220.0,3555.0
I591720022,Centre Aqualudique Natur&O,59172,Denain,200042190,CA de la Porte du Hainaut,59,Nord,4,4,3473.0,3473.0,58,57,13892,13892,6923,6969,1.0,1.0,2.935209,5.845926,4.018195,2.788224,0.751512,0.994889,4,1,4,3473.0,13892.0,3473.0
I594100005,PISCINE MUNICIPALE,59410,Mons-en-Barœul,200093201,Métropole Européenne de Lille,59,Nord,3,3,4617.333333,4617.333333,52,47,13852,13852,6271,7581,1.0,1.0,1.353383,4.495347,2.098464,1.316171,1.0,1.0,3,1,3,4617.333333,13852.0,4617.333333
I593780017,Piscine Municipale,59378,Marcq-en-Barœul,200093201,Métropole Européenne de Lille,59,Nord,2,2,6867.5,6867.5,37,30,13735,13735,7812,5923,1.0,1.0,1.903951,5.179885,2.656217,1.523899,1.0,1.0,2,1,2,6867.5,13735.0,6867.5
I601590032,PISCINE HIVER AVENUE D'HUY,60159,Compiègne,200067965,CA de la Région de Compiègne et de la Basse Automne,60,Oise,2,2,6811.0,6811.0,55,41,13622,13622,5523,8099,1.0,1.0,1.928763,4.532354,2.516879,1.949159,0.940611,0.971296,2,1,2,6811.0,13622.0,6811.0
I800010025,Piscine : AQU'ABB,80001,Abbeville,200070993,CA de la Baie de Somme,80,Somme,4,2,3306.25,6612.5,86,54,13225,13225,6348,6877,1.0,1.0,9.120082,13.391263,11.562307,9.967615,0.47017,0.537316,4,1,2,3306.25,13225.0,6612.5
I625100041,Espace aquatique et de remise en forme NAUTICAA,62510,Liévin,246200364,CA de Lens - Liévin,62,Pas-de-Calais,5,4,2616.0,3270.0,58,48,13080,13080,6560,6520,1.0,1.0,2.489132,5.246181,3.250356,2.430671,0.951453,1.0,5,1,4,2616.0,13080.0,3270.0
I028100025,Piscine Intercommunale de Villers-Cotterêts,02810,Villers-Cotterêts,200071991,CC Retz-en-Valois,02,Aisne,2,2,6481.5,6481.5,83,65,12963,12963,7409,5554,1.0,1.0,13.405272,15.413953,16.490977,11.625456,0.224562,0.346293,2,1,2,6481.5,12963.0,6481.5
I621930005,PISCINE EMILE RANSON,62193,Calais,200090751,CA Grand Calais Terres et Mers,62,Pas-de-Calais,2,2,6396.0,6396.0,49,44,12792,12792,5239,7553,1.0,1.0,1.812593,5.433399,2.908016,1.769633,0.927064,0.98546,2,1,2,6396.0,12792.0,6396.0
I622500003,piscine municipale,62250,Courrières,246200299,CA d'Hénin-Carvin,62,Pas-de-Calais,1,1,12696.0,12696.0,56,48,12696,12696,8144,4552,1.0,1.0,4.240161,10.477613,5.95559,4.262831,0.650284,0.859641,1,1,1,12696.0,12696.0,12696.0
I624270010,Piscine Municipale Jean Jacques MALINA,62427,Hénin-Beaumont,246200299,CA d'Hénin-Carvin,62,Pas-de-Calais,2,2,6311.0,6311.0,39,33,12622,12622,5985,6637,1.0,1.0,2.588519,5.935767,4.165007,2.185133,0.867058,1.0,2,1,2,6311.0,12622.0,6311.0
I800210027,Piscine Le Nautilus (structurant),80021,Amiens,248000531,CA Amiens Métropole,80,Somme,3,3,4189.0,4189.0,82,53,12567,12567,7652,4915,1.0,1.0,5.217863,8.784667,6.461913,5.072487,0.606668,0.799554,3,1,3,4189.0,12567.0,4189.0
I603950010,Piscine des Sablons,60395,Méru,246000582,CC des Sablons,60,Oise,2,2,6080.0,6080.0,68,64,12160,12160,6314,5846,1.0,1.0,7.554485,12.200142,9.503833,7.588855,0.472615,0.607484,2,1,2,6080.0,12160.0,6080.0
I593500021,Piscine plein Sud,59350,Lille,200093201,Métropole Européenne de Lille,59,Nord,1,1,12139.0,12139.0,52,49,12139,12139,7560,4579,1.0,1.0,1.598148,4.326598,2.141608,1.467908,1.0,1.0,1,1,1,12139.0,12139.0,12139.0
I595070005,PISCINE MUNICIPALE,59507,Ronchin,200093201,Métropole Européenne de Lille,59,Nord,2,2,6016.5,6016.5,35,34,12033,12033,4786,7247,1.0,1.0,1.710587,5.931857,2.60384,1.649082,1.0,1.0,2,1,2,6016.5,12033.0,6016.5
I591220022,Stade Nautique Liberté,59122,Cambrai,200068500,CA de Cambrai,59,Nord,5,4,2404.2,3005.25,49,44,12021,12021,4650,7371,1.0,1.0,2.025065,4.30956,2.956546,1.907636,0.901589,0.952001,5,1,4,2404.2,12021.0,3005.25
I024080034,Le dôme - Centre aquatique & patinoire,02408,Laon,200043495,CA du Pays de Laon,02,Aisne,3,3,3819.0,3819.0,52,39,11457,11457,5499,5958,1.0,1.0,6.69218,12.146365,8.982158,6.250063,0.719909,0.750284,3,1,3,3819.0,11457.0,3819.0
I590090057,PISCINE DU TRIOLO,59009,Villeneuve-d'Ascq,200093201,Métropole Européenne de Lille,59,Nord,2,2,5550.0,5550.0,41,36,11100,11100,6182,4918,1.0,1.0,3.160286,8.71071,4.503595,2.881061,0.73045,0.755315,2,1,2,5550.0,11100.0,5550.0
I593680009,PISCINE MUNICIPALE,59368,La Madeleine,200093201,Métropole Européenne de Lille,59,Nord,2,2,5537.0,5537.0,33,30,11074,11074,5024,6050,1.0,1.0,1.352241,4.289664,1.914602,1.327654,1.0,1.0,2,1,2,5537.0,11074.0,5537.0
I596480018,Piscine ZEN & O,59648,Wattignies,200093201,Métropole Européenne de Lille,59,Nord,1,1,10266.0,10266.0,29,26,10266,10266,5849,4417,1.0,1.0,3.992864,8.050166,5.121109,4.164212,0.629846,0.967952,1,1,1,10266.0,10266.0,10266.0
I621600029,PISCINE MUNICIPALE,62160,Boulogne-sur-Mer,246200729,CA du Boulonnais,62,Pas-de-Calais,3,2,3406.666667,5110.0,41,37,10220,10220,4226,5994,1.0,1.0,1.844858,4.793697,2.55089,1.754628,0.963014,0.99726,3,1,2,3406.666667,10220.0,5110.0
I592950020,Piscine intercommunale d'Hazebrouck,59295,Hazebrouck,200040947,CC de Flandre Intérieure,59,Nord,2,2,5084.5,5084.5,42,34,10169,10169,4277,5892,1.0,1.0,4.01523,7.461174,5.134104,3.676579,0.656308,0.839316,2,1,2,5084.5,10169.0,5084.5
I021680004,Complexe Citélium,02168,Château-Thierry,200072031,CA de la Région de Château-Thierry,02,Aisne,3,3,3352.0,3352.0,50,43,10056,10056,6237,3819,1.0,1.0,7.428225,14.463176,10.748305,7.125526,0.553202,0.587908,3,1,3,3352.0,10056.0,3352.0
I602820009,PISCINE AQUALIS,60282,Gouvieux,246000764,CC de l'Aire Cantilienne,60,Oise,4,2,2513.5,5027.0,43,35,10054,10054,5220,4834,1.0,1.0,3.842984,10.353664,5.907092,4.044904,0.808236,0.876069,4,1,2,2513.5,10054.0,5027.0
I593920011,PISCINE TOURNESOL DE L'EPINETTE,59392,Maubeuge,200043396,CA Maubeuge Val de Sambre,59,Nord,1,1,10023.0,10023.0,40,40,10023,10023,4493,5530,1.0,1.0,1.946308,5.696369,3.102697,1.936198,0.97406,1.0,1,1,1,10023.0,10023.0,10023.0
I622890007,PISCINE MUNICIPALE,62289,Écuires,200069029,CA des Deux Baies en Montreuillois,62,Pas-de-Calais,2,2,4808.5,4808.5,65,57,9617,9617,4826,4791,1.0,1.0,8.881653,13.015628,10.415055,8.445312,0.352501,0.483519,2,1,2,4808.5,9617.0,4808.5
I627580010,Hélicéa,62758,Saint-Martin-Boulogne,246200729,CA du Boulonnais,62,Pas-de-Calais,2,1,4793.5,9587.0,54,48,9587,9587,4842,4745,1.0,1.0,5.998764,9.26152,8.736624,5.804213,0.546261,0.843121,2,1,1,4793.5,9587.0,9587.0
I594840006,Piscine du Sivah,59484,Quiévrechain,245901160,CA Valenciennes Métropole,59,Nord,2,2,4717.5,4717.5,43,40,9435,9435,5158,4277,1.0,1.0,7.160319,13.290414,9.737658,6.927356,0.245045,0.525596,2,1,2,4717.5,9435.0,4717.5
I591780040,PISCINE DES GLACIS,59178,Douai,200044618,CA Douaisis Agglo,59,Nord,3,3,3144.333333,3144.333333,27,26,9433,9433,4246,5187,1.0,1.0,1.421728,3.69029,2.110528,1.383091,0.949115,1.0,3,1,3,3144.333333,9433.0,3144.333333
I621330012,Centre Aquatique Louis Aragon,62133,Billy-Montigny,246200364,CA de Lens - Liévin,62,Pas-de-Calais,2,2,4715.0,4715.0,44,37,9430,9430,6434,2996,1.0,1.0,2.2052,5.728273,3.164455,2.223069,1.0,1.0,2,1,2,4715.0,9430.0,4715.0
I593500108,Piscine Olympique Marx Dormoy,59350,Lille,200093201,Métropole Européenne de Lille,59,Nord,2,2,4694.0,4694.0,24,24,9388,9388,2928,6460,1.0,1.0,1.211521,4.79041,1.969894,1.211521,1.0,1.0,2,1,2,4694.0,9388.0,4694.0
I591830087,Piscine Georges Guynemer,59183,Dunkerque,245900428,CU de Dunkerque,59,Nord,3,2,3110.333333,4665.5,39,38,9331,9331,4624,4707,1.0,1.0,2.077943,5.346667,3.189484,2.041899,0.972672,1.0,3,1,2,3110.333333,9331.0,4665.5
I621930039,Complexe Icéo,62193,Calais,200090751,CA Grand Calais Terres et Mers,62,Pas-de-Calais,6,2,1518.166667,4554.5,33,30,9109,9109,5174,3935,1.0,1.0,2.136906,5.463601,3.226115,2.052136,0.967944,1.0,6,1,2,1518.166667,9109.0,4554.5
I593500093,PISCINE MUNICIPALE/59355/LOMME,59350,Lille,200093201,Métropole Européenne de Lille,59,Nord,2,2,4491.5,4491.5,36,35,8983,8983,4621,4362,1.0,1.0,1.760529,4.658794,2.315894,1.632289,1.0,1.0,2,1,2,4491.5,8983.0,4491.5
I595260001,Centre Aquatique intercommunal de Saint-Amand-les-Eaux,59526,Saint-Amand-les-Eaux,200042190,CA de la Porte du Hainaut,59,Nord,2,2,4457.5,4457.5,38,33,8915,8915,5037,3878,1.0,1.0,2.661928,6.606342,3.579799,2.666939,0.793158,0.955356,2,1,2,4457.5,8915.0,4457.5
I021730004,Espace Aquatique Oasis,02173,Chauny,200071785,CA Chauny-Tergnier-La Fère,02,Aisne,3,2,2847.0,4270.5,52,47,8541,8541,3605,4936,1.0,1.0,4.2863,7.260019,5.282152,4.352828,0.661866,0.767826,3,1,2,2847.0,8541.0,4270.5
I592050005,Piscine Maurice Thorez,59205,Escaudain,200042190,CA de la Porte du Hainaut,59,Nord,2,2,4252.5,4252.5,34,27,8505,8505,4471,4034,1.0,1.0,4.229285,8.21072,6.955939,3.565301,0.693945,0.993416,2,1,2,4252.5,8505.0,4252.5
I620410045,PISCINE ELIE DESBIN,62041,Arras,200033579,CU d'Arras,62,Pas-de-Calais,2,2,4135.0,4135.0,32,28,8270,8270,3209,5061,1.0,1.0,1.620044,4.814567,2.514135,1.580052,0.952721,0.997219,2,1,2,4135.0,8270.0,4135.0
I601030008,PISCINE INTERCOMMUNALE,60103,Bresles,200067999,CA du Beauvaisis,60,Oise,2,2,4118.5,4118.5,61,53,8237,8237,5275,2962,1.0,1.0,9.942424,13.542926,12.914902,10.077887,0.108777,0.663955,2,1,2,4118.5,8237.0,4118.5
I621780006,Piscine Art Déco,62178,Bruay-la-Buissière,200072460,"CA de Béthune-Bruay, Artois-Lys Romane",62,Pas-de-Calais,2,0,4077.5,0.0,31,28,8155,8155,3824,4331,1.0,1.0,1.629178,4.925912,2.487177,1.644705,1.0,1.0,2,1,0,4077.5,8155.0,0.0
I596630011,Centre aquatique Linéo,59663,Wormhout,200040954,CC des Hauts de Flandre,59,Nord,2,2,4045.0,4045.0,49,44,8090,8090,4777,3313,1.0,1.0,7.940558,11.140036,10.483325,7.366546,0.278863,0.906428,2,1,2,4045.0,8090.0,4045.0
I602380004,PISCINE JEAN TOURSIERE,60238,Fleurines,200066975,CC Senlis Sud Oise,60,Oise,1,0,7894.0,0.0,36,30,7894,7894,2898,4996,1.0,1.0,8.571561,14.098102,11.155397,8.418452,0.025082,0.807575,1,1,0,7894.0,7894.0,0.0
I592860012,"Centre Aquatique Loos Haubourdin ""NEPTUNIA""",59286,Haubourdin,200093201,Métropole Européenne de Lille,59,Nord,3,3,2623.666667,2623.666667,30,28,7871,7871,3715,4156,1.0,1.0,1.633966,5.446692,2.513362,1.609068,0.982213,1.0,3,1,3,2623.666667,7871.0,2623.666667
I595080005,PISCINE,59508,Roncq,200093201,Métropole Européenne de Lille,59,Nord,1,1,7719.0,7719.0,22,20,7719,7719,4091,3628,1.0,1.0,4.537511,10.324021,6.642182,4.274362,0.69452,0.871356,1,1,1,7719.0,7719.0,7719.0
I594910002,piscine Louis Poncet,59491,Raismes,200042190,CA de la Porte du Hainaut,59,Nord,1,1,7488.0,7488.0,31,30,7488,7488,4776,2712,1.0,1.0,2.824815,6.539959,3.970524,2.562383,0.962073,1.0,1,1,1,7488.0,7488.0,7488.0
I590280009,PISCINE MUNICIPALE,59028,Auby,200044618,CA Douaisis Agglo,59,Nord,2,2,3713.5,3713.5,27,24,7427,7427,4990,2437,1.0,1.0,2.809124,7.477267,4.495361,2.830803,0.887842,0.976572,2,1,2,3713.5,7427.0,3713.5
I626170019,Piscine municipale,62617,Nœux-les-Mines,200072460,"CA de Béthune-Bruay, Artois-Lys Romane",62,Pas-de-Calais,2,2,3652.0,3652.0,35,30,7304,7304,4708,2596,1.0,1.0,2.93403,6.921713,3.941807,2.743758,0.799699,0.979326,2,1,2,3652.0,7304.0,3652.0
I026910035,Base Urbaine de Loisirs de Saint Quentin,02691,Saint-Quentin,200071892,CA du Saint-Quentinois,02,Aisne,5,0,1449.4,0.0,24,21,7247,7247,3148,4099,1.0,1.0,2.144006,5.787662,2.900033,2.071383,0.916655,0.95336,5,1,0,1449.4,7247.0,0.0
I803680002,Complexe sportif Viméo,80368,Friville-Escarbotin,200070944,CC du Vimeu,80,Somme,1,1,7114.0,7114.0,70,48,7114,7114,4034,3080,1.0,1.0,7.774634,12.37201,9.918068,9.029508,0.447006,0.574501,1,1,1,7114.0,7114.0,7114.0
I591830041,BASSIN D INITIATION DELEERSNYDER,59183,Dunkerque,245900428,CU de Dunkerque,59,Nord,1,1,7098.0,7098.0,32,30,7098,7098,4001,3097,1.0,1.0,2.053528,4.559281,2.714346,2.198652,0.968864,0.982953,1,1,1,7098.0,7098.0,7098.0
I805700001,Centre aquatique Alméo,80570,Moreuil,200070969,CC Avre Luce Noye,80,Somme,3,3,2335.333333,2335.333333,41,28,7006,7006,3576,3430,1.0,1.0,10.584621,14.239282,12.210498,10.36741,0.13203,0.480588,3,1,3,2335.333333,7006.0,2335.333333
I595710003,PISCINE,59571,Solesmes,245901038,CC du Pays Solesmois,59,Nord,2,2,3450.0,3450.0,34,29,6900,6900,3091,3809,1.0,1.0,7.159607,11.307368,8.728374,6.995313,0.280145,0.606667,2,1,2,3450.0,6900.0,3450.0
I602860002,PISCINE OCEANE,60286,Grandvilliers,246000848,CC de la Picardie Verte,60,Oise,2,2,3430.0,3430.0,66,52,6860,6860,4019,2841,1.0,1.0,11.228371,15.467265,13.039699,10.741599,0.168805,0.542857,2,1,2,3430.0,6860.0,3430.0
I026910012,Piscine Jean Bouin,02691,Saint-Quentin,200071892,CA du Saint-Quentinois,02,Aisne,3,3,2264.333333,2264.333333,23,20,6793,6793,2090,4703,1.0,1.0,1.657064,5.026336,2.626246,1.58276,0.952304,0.971147,3,1,3,2264.333333,6793.0,2264.333333
I604710011,PISCINE MUNICIPALE PAUL BOUTEFEU,60471,Noyon,246000756,CC du Pays Noyonnais,60,Oise,2,2,3396.0,3396.0,58,49,6792,6792,3527,3265,1.0,1.0,3.069827,5.830944,3.710574,3.02682,0.779594,0.942285,2,1,2,3396.0,6792.0,3396.0
I590080007,piscine municipale,59008,Aniche,245901152,CC Cœur d'Ostrevent,59,Nord,1,1,6214.0,6214.0,33,29,6214,6214,3641,2573,1.0,1.0,3.125664,6.671289,4.398398,3.277713,0.786933,0.99308,1,1,1,6214.0,6214.0,6214.0
I592910011,Piscine André Leduc,59291,Hautmont,200043396,CA Maubeuge Val de Sambre,59,Nord,2,2,3099.5,3099.5,34,32,6199,6199,3295,2904,1.0,1.0,4.55226,8.417174,5.891539,4.221667,0.696564,0.735764,2,1,2,3099.5,6199.0,3099.5
I591780041,PISCINE BEAU SOLEIL (TOURNESOL),59178,Douai,200044618,CA Douaisis Agglo,59,Nord,1,1,6188.0,6188.0,17,17,6188,6188,1989,4199,1.0,1.0,0.733845,2.860205,1.365461,0.73162,1.0,1.0,1,1,1,6188.0,6188.0,6188.0
I023810011,"Espace aquatique ""L'Ile Verte""",02381,Hirson,240200600,CC des Trois Rivières,02,Aisne,2,2,3086.0,3086.0,43,36,6172,6172,3499,2673,1.0,1.0,7.417338,11.671131,9.358519,7.476352,0.565295,0.628483,2,1,2,3086.0,6172.0,3086.0
I594490006,PISCINE MUNICIPALE,59449,Orchies,200041960,CC Pévèle-Carembault,59,Nord,1,1,6113.0,6113.0,30,26,6113,6113,3486,2627,1.0,1.0,3.683347,8.203844,5.157188,3.514084,0.674628,0.974317,1,1,1,6113.0,6113.0,6113.0
I591830058,PISCINE PAUL ASSEMAN,59183,Dunkerque,245900428,CU de Dunkerque,59,Nord,2,2,3024.5,3024.5,14,13,6049,6049,1115,4934,1.0,1.0,1.168998,4.106386,1.966618,1.119544,1.0,1.0,2,1,2,3024.5,6049.0,3024.5
I601590027,Plaine des sports Zac Mercieres,60159,Compiègne,200067965,CA de la Région de Compiègne et de la Basse Automne,60,Oise,2,2,3013.5,3013.5,34,27,6027,6027,2776,3251,1.0,1.0,4.525412,8.011465,6.384497,4.11425,0.676622,0.893977,2,1,2,3013.5,6027.0,3013.5
I623610002,COMPLEXE SIDONIE GUITTARD,62361,Frévent,200069672,CC du Ternois,62,Pas-de-Calais,2,0,2981.5,0.0,46,33,5963,5963,3019,2944,1.0,1.0,12.240303,16.830894,14.050468,11.582229,0.189837,0.279893,2,1,0,2981.5,5963.0,0.0
I620650002,PISCINE MUNICIPALE,62065,Avion,246200364,CA de Lens - Liévin,62,Pas-de-Calais,1,1,5778.0,5778.0,32,30,5778,5778,3645,2133,1.0,1.0,1.8487,4.867326,2.720347,1.726429,0.953963,1.0,1,1,1,5778.0,5778.0,5778.0
I595690010,PISCINE TOURNESOL,59569,Sin-le-Noble,200044618,CA Douaisis Agglo,59,Nord,1,1,5481.0,5481.0,28,26,5481,5481,3050,2431,1.0,1.0,3.435265,6.479553,5.277548,3.342435,0.702791,1.0,1,1,1,5481.0,5481.0,5481.0
I620480002,COMPLEXE BASLY,62048,Auchel,200072460,"CA de Béthune-Bruay, Artois-Lys Romane",62,Pas-de-Calais,2,2,2719.5,2719.5,42,36,5439,5439,3046,2393,1.0,1.0,2.071371,5.062646,2.795929,1.957474,0.851811,0.986395,2,1,2,2719.5,5439.0,2719.5
I591390015,Espace Nautique Intercommunal (ENI),59139,Caudry,200030633,CA du Caudrésis et du Catésis,59,Nord,4,4,1337.5,1337.5,29,29,5350,5350,2761,2589,1.0,1.0,3.813832,8.113744,5.39398,3.745419,0.697009,0.850654,4,1,4,1337.5,5350.0,1337.5
I625060002,SALLE DE JEUX ET TERRAINS DE PETANQUE,62506,Licques,200072478,CC Pays d'Opale,62,Pas-de-Calais,1,0,5281.0,0.0,37,31,5281,5281,3071,2210,1.0,1.0,7.944931,12.240952,9.908943,7.030493,0.17705,0.770119,1,1,0,5281.0,5281.0,0.0
I800160008,Piscine Caneton,80016,Albert,248000747,CC du Pays du Coquelicot,80,Somme,1,1,5269.0,5269.0,55,39,5269,5269,2762,2507,1.0,1.0,5.417691,8.199169,6.690208,5.424068,0.568988,0.739609,1,1,1,5269.0,5269.0,5269.0
I626430016,PISCINE INTERCOMMUNAL OCEANE,62643,Outreau,246200729,CA du Boulonnais,62,Pas-de-Calais,2,2,2616.5,2616.5,28,26,5233,5233,3356,1877,1.0,1.0,1.752479,4.738532,2.565931,1.776981,0.957386,1.0,2,1,2,2616.5,5233.0,2616.5
I592710025,Piscine Léo Lagrange,59271,Grande-Synthe,245900428,CU de Dunkerque,59,Nord,2,2,2547.5,2547.5,23,23,5095,5095,2078,3017,1.0,1.0,1.877051,3.854126,2.540206,1.782215,0.845339,1.0,2,1,2,2547.5,5095.0,2547.5
I601040007,CENTRE NAUTIQUE PHILIPPE LOISEL - KALAMOS,60104,Breteuil,200068005,CC de l'Oise Picarde,60,Oise,2,1,2543.0,5086.0,49,41,5086,5086,3011,2075,1.0,1.0,9.884235,13.917953,11.404652,9.715679,0.226897,0.58022,2,1,1,2543.0,5086.0,5086.0
I806850010,Arobase,80685,Roye,200070977,CC du Grand Roye,80,Somme,1,1,4905.0,4905.0,43,26,4905,4905,3191,1714,1.0,1.0,8.352931,11.787087,10.138915,10.218025,0.347808,0.579001,1,1,1,4905.0,4905.0,4905.0
I622680012,Centre Aquatique Naturéo,62268,Desvres,200018083,CC de Desvres-Samer,62,Pas-de-Calais,2,2,2408.0,2408.0,46,44,4816,4816,2975,1841,1.0,1.0,5.3627,10.459232,7.122044,5.265837,0.433762,0.799211,2,1,2,2408.0,4816.0,2408.0
I023400001,Piscine,02340,Gauchy,200071892,CA du Saint-Quentinois,02,Aisne,2,2,2396.0,2396.0,27,26,4792,4792,2534,2258,1.0,1.0,6.020592,8.969098,7.286191,5.89757,0.555301,0.73894,2,1,2,2396.0,4792.0,2396.0
I592490005,PISCINE MUNICIPALE,59249,Fourmies,200043404,CC du Sud Avesnois,59,Nord,2,2,2386.0,2386.0,27,25,4772,4772,2115,2657,1.0,1.0,2.897797,5.933623,4.062101,2.877085,0.744552,0.891869,2,1,2,2386.0,4772.0,2386.0
I625160007,Piscine (Parc du Brule),62516,Lillers,200072460,"CA de Béthune-Bruay, Artois-Lys Romane",62,Pas-de-Calais,1,1,4765.0,4765.0,30,28,4765,4765,2142,2623,1.0,1.0,3.128751,6.55566,4.223868,3.064869,0.721301,0.96852,1,1,1,4765.0,4765.0,4765.0
I620140013,PISCINE IRIS,62014,Aire-sur-la-Lys,200069037,CA du Pays de Saint-Omer,62,Pas-de-Calais,1,1,4726.0,4726.0,20,16,4726,4726,2610,2116,1.0,1.0,4.188555,7.699807,5.079497,4.396307,0.572154,0.813584,1,1,1,4726.0,4726.0,4726.0
I590940007,Piscine Municipale,59094,Bourbourg,245900428,CU de Dunkerque,59,Nord,1,1,4709.0,4709.0,28,23,4709,4709,2957,1752,1.0,1.0,5.297692,7.373563,6.557436,4.721847,0.507326,0.981525,1,1,1,4709.0,4709.0,4709.0
I602230013,CENTRE AQUATIQUE DE LA PLAINE D'ESTREES,60223,Estrées-Saint-Denis,246000897,CC de la Plaine d'Estrées,60,Oise,4,4,1159.5,1159.5,44,38,4638,4638,3439,1199,1.0,1.0,7.663458,10.937428,9.14975,7.140633,0.381846,0.669254,4,1,4,1159.5,4638.0,1159.5
I590330010,Complexe Aquatique l'Aiguade,59033,Aulnoye-Aymeries,200043396,CA Maubeuge Val de Sambre,59,Nord,4,3,1148.5,1531.333333,28,25,4594,4594,2378,2216,1.0,1.0,2.107127,4.677429,2.81086,1.625977,0.893339,0.904005,4,1,3,1148.5,4594.0,1531.333333
I593280017,Piscine Municipale,59328,Lambersart,200093201,Métropole Européenne de Lille,59,Nord,1,1,4585.0,4585.0,14,12,4585,4585,2128,2457,1.0,1.0,0.930023,3.617483,1.426448,0.967414,1.0,1.0,1,1,1,4585.0,4585.0,4585.0
I627670011,Piscine Municipale,62767,Saint-Pol-sur-Ternoise,200069672,CC du Ternois,62,Pas-de-Calais,2,0,2215.5,0.0,46,36,4431,4431,2057,2374,1.0,1.0,4.297673,7.265809,5.555705,3.403287,0.682013,0.859851,2,1,0,2215.5,4431.0,0.0
I590360001,Piscine Laurent Swaenepoel,59036,Avesnes-sur-Helpe,200043263,CC Cœur de l'Avesnois,59,Nord,2,2,2185.0,2185.0,33,29,4370,4370,2461,1909,1.0,1.0,3.791651,6.02903,4.612782,3.550848,0.659268,0.9,2,1,2,2185.0,4370.0,2185.0
I625490001,Aquatic & Bowling Center de l'Hesdinois,62549,Marconne,200044030,CC des 7 Vallées,62,Pas-de-Calais,3,3,1450.666667,1450.666667,53,34,4352,4352,2710,1642,1.0,1.0,9.944899,13.996101,11.964717,8.386689,0.309513,0.525046,3,1,3,1450.666667,4352.0,1450.666667
I023610002,Centre aquatique AQUOISIA,02361,Guise,200071983,CC Thiérache Sambre et Oise,02,Aisne,1,1,4340.0,4340.0,32,28,4340,4340,2919,1421,1.0,1.0,7.351585,12.767429,9.338813,8.360552,0.436866,0.441475,1,1,1,4340.0,4340.0,4340.0
I591360007,Duo Le Cateau,59136,Le Cateau-Cambrésis,200030633,CA du Caudrésis et du Catésis,59,Nord,4,0,1070.25,0.0,26,25,4281,4281,2004,2277,1.0,1.0,5.763273,9.967949,7.383798,5.677495,0.494744,0.683719,4,1,0,1070.25,4281.0,0.0
I595860007,Centre aquatique le Chant de l'Eau,59586,Templeuve-en-Pévèle,200041960,CC Pévèle-Carembault,59,Nord,4,3,1070.0,1426.666667,10,10,4280,4280,1493,2787,1.0,1.0,3.237522,10.062692,4.607193,3.219765,0.95257,0.672664,4,1,3,1070.0,4280.0,1426.666667
I027200001,Espace sportif - Centre aquatique Rêvéo,02720,Sissonne,240200576,CC de la Champagne Picarde,02,Aisne,2,2,2126.5,2126.5,29,23,4253,4253,2567,1686,1.0,1.0,12.35143,18.923548,15.867264,12.299617,0.129791,0.400423,2,1,2,2126.5,4253.0,2126.5
I605090006,PISCINE,60509,Pont-Sainte-Maxence,246000921,CC des Pays d'Oise et d'Halatte,60,Oise,1,1,4208.0,4208.0,20,19,4208,4208,2013,2195,1.0,1.0,1.469239,5.59731,2.609722,1.493122,0.956274,1.0,1,1,1,4208.0,4208.0,4208.0
I606360002,PISCINE GEORGES BONICHOT,60636,Thourotte,246000772,CC des Deux Vallées,60,Oise,1,1,4187.0,4187.0,26,19,4187,4187,2198,1989,1.0,1.0,2.913903,6.700616,4.322288,2.792511,0.763315,0.993313,1,1,1,4187.0,4187.0,4187.0
I596540006,PISCINE MUNICIPALE,59654,Waziers,200044618,CA Douaisis Agglo,59,Nord,2,2,2080.0,2080.0,22,20,4160,4160,2596,1564,1.0,1.0,2.017279,4.658575,2.749533,1.929419,1.0,1.0,2,1,2,2080.0,4160.0,2080.0
I600570045,Aquaspace,60057,Beauvais,200067999,CA du Beauvaisis,60,Oise,5,5,821.2,821.2,24,16,4106,4106,1618,2488,1.0,1.0,3.653525,8.324876,5.4329,6.250818,0.758159,0.886751,5,1,5,821.2,4106.0,821.2
I590090058,CENTRE NAUTIQUE BABYLONE,59009,Villeneuve-d'Ascq,200093201,Métropole Européenne de Lille,59,Nord,1,1,4098.0,4098.0,18,18,4098,4098,2805,1293,1.0,1.0,1.525203,4.721923,2.378416,1.358108,1.0,1.0,1,1,1,4098.0,4098.0,4098.0
I628650007,Centre aquatique Aquatis,62865,Vitry-en-Artois,200044048,CC Osartis Marquion,62,Pas-de-Calais,3,1,1362.333333,4087.0,27,24,4087,4087,2774,1313,1.0,1.0,3.62786,6.182138,4.791131,3.553873,0.782236,1.0,3,1,1,1362.333333,4087.0,4087.0
I620800008,PISCINE INTERCOMMUNALE,62080,Bapaume,200035442,CC du Sud-Artois,62,Pas-de-Calais,1,1,3978.0,3978.0,44,43,3978,3978,2308,1670,1.0,1.0,4.72041,8.587456,6.146966,4.612455,0.561086,0.883107,1,1,1,3978.0,3978.0,3978.0
I625340009,Piscine Intercommunale de Lumbres,62534,Lumbres,246201016,CC du Pays de Lumbres,62,Pas-de-Calais,2,2,1986.0,1986.0,32,27,3972,3972,2368,1604,1.0,1.0,4.191873,9.277931,5.364582,3.588218,0.659366,0.761329,2,1,2,1986.0,3972.0,1986.0
I601390001,PISCINE AQUATHELLE,60139,Chambly,200067973,CC Thelloise,60,Oise,2,1,1894.0,3788.0,22,17,3788,3788,3330,458,1.0,1.0,4.400675,8.358363,6.025652,3.867919,0.676874,0.942714,2,1,1,1894.0,3788.0,3788.0
I593240009,PISCINE COUBERTIN,59324,Jeumont,200043396,CA Maubeuge Val de Sambre,59,Nord,1,1,3741.0,3741.0,25,23,3741,3741,2038,1703,1.0,1.0,3.430603,5.996226,4.484787,3.385222,0.727078,0.861534,1,1,1,3741.0,3741.0,3741.0
I595270004,"Complexe Piscine, volley",59527,Saint-André-lez-Lille,200093201,Métropole Européenne de Lille,59,Nord,2,2,1860.5,1860.5,14,13,3721,3721,2692,1029,1.0,1.0,1.961762,5.648232,2.556852,1.857361,0.86939,0.86939,2,1,2,1860.5,3721.0,1860.5
I591220021,Piscine les Ondines,59122,Cambrai,200068500,CA de Cambrai,59,Nord,1,1,3711.0,3711.0,28,23,3711,3711,2351,1360,1.0,1.0,3.067584,5.893751,4.178151,3.030974,0.67529,0.971975,1,1,1,3711.0,3711.0,3711.0
I806200002,CENTRE AQUATIQUE,80620,Péronne,200037059,CC de la Haute Somme (Combles - Péronne - Roisel),80,Somme,1,1,3624.0,3624.0,34,29,3624,3624,2188,1436,1.0,1.0,5.345199,8.526611,6.56563,4.75148,0.565121,0.668598,1,1,1,3624.0,3624.0,3624.0
I020590004,Piscine Lucien Lahaye,02059,Beautor,200071785,CA Chauny-Tergnier-La Fère,02,Aisne,2,2,1796.0,1796.0,30,25,3592,3592,2877,715,1.0,1.0,4.344347,10.75951,6.417964,3.864698,0.658964,0.945156,2,1,2,1796.0,3592.0,1796.0
I624430002,INSTALLATIONS SPORTIVES complexe vivre,62443,Hersin-Coupigny,200072460,"CA de Béthune-Bruay, Artois-Lys Romane",62,Pas-de-Calais,1,1,3273.0,3273.0,22,17,3273,3273,2032,1241,1.0,1.0,2.683153,6.173856,3.869778,2.475272,0.871066,0.995417,1,1,1,3273.0,3273.0,3273.0
I023340006,Piscine,02334,Fresnoy-le-Grand,240200493,CC du Pays du Vermandois,02,Aisne,2,2,1527.5,1527.5,21,21,3055,3055,1578,1477,1.0,1.0,4.107619,8.208642,5.496602,4.086285,0.734206,0.843863,2,1,2,1527.5,3055.0,1527.5
I623180002,PISCINE,62318,Étaples,200069029,CA des Deux Baies en Montreuillois,62,Pas-de-Calais,1,1,3024.0,3024.0,21,19,3024,3024,1869,1155,1.0,1.0,1.903381,5.066485,2.92587,1.847767,0.851521,0.974206,1,1,1,3024.0,3024.0,3024.0
I620140019,AQUALYS,62014,Aire-sur-la-Lys,200069037,CA du Pays de Saint-Omer,62,Pas-de-Calais,2,2,1510.0,1510.0,22,19,3020,3020,1642,1378,1.0,1.0,3.366768,6.645877,4.299028,3.146737,0.775828,0.976159,2,1,2,1510.0,3020.0,1510.0
I620040009,PISCINE MUNICIPALE,62004,Achicourt,200033579,CU d'Arras,62,Pas-de-Calais,1,1,2932.0,2932.0,35,33,2932,2932,2426,506,1.0,1.0,3.520635,6.521999,4.291268,3.622359,0.712824,0.918486,1,1,1,2932.0,2932.0,2932.0
I620570009,PISCINE INTERCOMMUNALE,62057,Audruicq,246200844,CC de la Région d'Audruicq,62,Pas-de-Calais,1,1,2903.0,2903.0,20,19,2903,2903,2310,593,1.0,1.0,3.540453,6.929607,4.559447,3.505888,0.583879,0.929728,1,1,1,2903.0,2903.0,2903.0
I592730013,complexe Maurice Baude et Piscine Municipale,59273,Gravelines,245900428,CU de Dunkerque,59,Nord,2,2,1390.5,1390.5,15,15,2781,2781,1381,1400,1.0,1.0,3.013748,5.730061,4.07145,3.002441,0.667745,1.0,2,1,2,1390.5,2781.0,1390.5
I591970005,SWIM CENTER PEVELE,59197,Ennevelin,200041960,CC Pévèle-Carembault,59,Nord,1,0,2643.0,0.0,13,11,2643,2643,2138,505,1.0,1.0,3.07205,7.073182,4.458997,2.858361,0.932274,0.975028,1,1,0,2643.0,2643.0,0.0
I595690016,Sourcéane,59569,Sin-le-Noble,200044618,CA Douaisis Agglo,59,Nord,1,0,2610.0,0.0,8,8,2610,2610,729,1881,1.0,1.0,3.997592,8.04005,5.137474,3.92489,0.567816,1.0,1,1,0,2610.0,2610.0,0.0
I606890002,CENTRE DES SPORTS RIMBERLIEU,60689,Villers-sur-Coudun,246000855,CC du Pays des Sources,60,Oise,1,0,2571.0,0.0,24,17,2571,2571,1296,1275,1.0,1.0,7.86413,12.192264,10.392066,8.373244,0.225982,0.57993,1,1,0,2571.0,2571.0,0.0
I804100008,Piscine Aquari'Ham,80410,Ham,200070985,CC de l'Est de la Somme,80,Somme,2,2,1248.5,1248.5,18,15,2497,2497,1466,1031,1.0,1.0,2.550755,5.289083,3.602282,2.518671,0.760913,0.991189,2,1,2,1248.5,2497.0,1248.5
I622700008,PISCINE TOURNESOL,62270,Divion,200072460,"CA de Béthune-Bruay, Artois-Lys Romane",62,Pas-de-Calais,1,1,2460.0,2460.0,19,16,2460,2460,1717,743,1.0,1.0,1.567998,4.614297,2.55155,1.610301,0.934146,1.0,1,1,1,2460.0,2460.0,2460.0
I592790009,PISCINE MUNICIPALE PHILIPPE CROIZON,59279,Halluin,200093201,Métropole Européenne de Lille,59,Nord,1,1,2414.0,2414.0,7,7,2414,2414,1089,1325,1.0,1.0,0.733521,3.347357,1.354507,0.733521,1.0,1.0,1,1,1,2414.0,2414.0,2414.0
I625590002,COMPLEXE SPORTIF DU COLLEGE DES MARCHES DE L'ARTOIS,62559,Marquion,200044048,CC Osartis Marquion,62,Pas-de-Calais,1,1,2195.0,2195.0,29,28,2195,2195,1368,827,1.0,1.0,3.861565,6.645918,5.205351,3.780513,0.712984,0.950342,1,1,1,2195.0,2195.0,2195.0
I020370001,Complexe sportif,02037,Aulnois-sous-Laon,200043495,CA du Pays de Laon,02,Aisne,2,1,1056.0,2112.0,14,10,2112,2112,1310,802,1.0,1.0,8.428077,11.967595,10.071452,8.45557,0.143466,0.930398,2,1,1,1056.0,2112.0,2112.0
I596460016,PISCINE CENTRE NAUTIQUE CALYPSO,59646,Wasquehal,200093201,Métropole Européenne de Lille,59,Nord,2,1,1012.0,2024.0,7,6,2024,2024,1169,855,1.0,1.0,0.973116,4.507875,1.65086,0.910277,1.0,1.0,2,1,1,1012.0,2024.0,2024.0
I594950004,PISCINE INTERCOMMUNALE,59495,Recquignies,200043396,CA Maubeuge Val de Sambre,59,Nord,1,1,1910.0,1910.0,16,15,1910,1910,1417,493,1.0,1.0,2.705487,5.702649,3.75149,2.798206,0.891099,0.976963,1,1,1,1910.0,1910.0,1910.0
I591070012,Piscine Municipale,59107,Bray-Dunes,245900428,CU de Dunkerque,59,Nord,1,1,1833.0,1833.0,10,9,1833,1833,849,984,1.0,1.0,6.585668,9.620142,7.441321,6.991671,0.462084,0.498636,1,1,1,1833.0,1833.0,1833.0
I620830008,"Piscine communautaire à Barlin ""Le NAUTILUD""",62083,Barlin,200072460,"CA de Béthune-Bruay, Artois-Lys Romane",62,Pas-de-Calais,1,1,1809.0,1809.0,15,15,1809,1809,1246,563,1.0,1.0,1.341025,3.368104,1.850069,1.201094,0.972913,1.0,1,1,1,1809.0,1809.0,1809.0
I591630006,Piscine Municipale,59163,Croix,200093201,Métropole Européenne de Lille,59,Nord,2,2,875.0,875.0,10,10,1750,1750,1750,0,1.0,1.0,0.696941,2.949314,1.139833,0.589951,1.0,1.0,2,1,2,875.0,1750.0,875.0
I806200031,Piscine Tournesol,80620,Péronne,200037059,CC de la Haute Somme (Combles - Péronne - Roisel),80,Somme,1,1,1620.0,1620.0,7,5,1620,1620,674,946,1.0,1.0,2.229887,3.763321,2.704804,1.755685,0.754938,0.982099,1,1,1,1620.0,1620.0,1620.0
I628260004,CENTRE TENNISTIQUE PIERRE DE COUBERTIN,62826,Le Touquet-Paris-Plage,200069029,CA des Deux Baies en Montreuillois,62,Pas-de-Calais,1,1,1085.0,1085.0,4,4,1085,1085,387,698,1.0,1.0,0.801304,3.642636,1.575634,0.801304,1.0,1.0,1,1,1,1085.0,1085.0,1085.0
I593400009,PISCINE PAUL HANCOLAS ET SALLE DEMARTINICOURT,59340,Leffrinckoucke,245900428,CU de Dunkerque,59,Nord,2,2,495.5,495.5,5,4,991,991,468,523,1.0,1.0,1.647166,4.04442,2.313975,1.668042,1.0,1.0,2,1,2,495.5,991.0,495.5
I620400005,PISCINE MUNICIPALE,62040,Arques,200069037,CA du Pays de Saint-Omer,62,Pas-de-Calais,2,2,481.5,481.5,1,1,963,963,0,963,1.0,1.0,0.374,3.22,0.841,1.089,1.0,1.0,2,1,2,481.5,963.0,481.5
I022090001,Piscine Municipale (type entérée),02209,Condé-en-Brie,200072031,CA de la Région de Château-Thierry,02,Aisne,1,0,695.0,0.0,9,9,695,695,695,0,1.0,1.0,6.758357,9.694072,8.826514,6.641791,0.335252,0.82446,1,1,0,695.0,695.0,0.0
I624570001,PARC DEPARTEMENTAL DE NATURE ET DE LOISIRS D'OLHAIN,62356,Fresnicourt-le-Dolmen,200072460,"CA de Béthune-Bruay, Artois-Lys Romane",62,Pas-de-Calais,2,0,171.5,0.0,4,4,343,343,343,0,1.0,1.0,1.726985,7.057259,3.446137,1.721012,0.962099,0.962099,2,1,0,171.5,343.0,0.0
